{"cameraMode":{"drawMode":0,"name":"Shaded","section":"Shading Mode"},"sceneLighting":false,"audioPlay":false,"sceneViewState":{"m_AlwaysRefresh":false,"showFog":true,"showSkybox":false,"showFlares":true,"showImageEffects":true,"showParticleSystems":true,"showVisualEffectGraphs":true,"m_FxEnabled":true},"in2DMode":false,"pivot":{"x":-1.6130399703979493,"y":1.7459003925323487,"z":-0.5754361152648926},"rotation":{"x":0.045110542327165607,"y":0.8819595575332642,"z":-0.08626294136047363,"w":0.46117299795150759},"size":0.40771418809890749,"orthographic":false}