{"cameraMode":{"drawMode":0,"name":"Shaded","section":"Shading Mode"},"sceneLighting":true,"audioPlay":false,"sceneViewState":{"m_AlwaysRefresh":false,"showFog":true,"showSkybox":false,"showFlares":true,"showImageEffects":true,"showParticleSystems":true,"showVisualEffectGraphs":true,"m_FxEnabled":true},"in2DMode":false,"pivot":{"x":1.0117378234863282,"y":0.984183132648468,"z":0.16665689647197724},"rotation":{"x":0.0393231175839901,"y":-0.7043288946151733,"z":0.039125826209783557,"w":0.7077146768569946},"size":0.10771423578262329,"orthographic":false}