{"cameraMode":{"drawMode":0,"name":"Shaded","section":"Shading Mode"},"sceneLighting":false,"audioPlay":false,"sceneViewState":{"m_AlwaysRefresh":false,"showFog":true,"showSkybox":false,"showFlares":true,"showImageEffects":true,"showParticleSystems":true,"showVisualEffectGraphs":true,"m_FxEnabled":true},"in2DMode":false,"pivot":{"x":7.270120143890381,"y":-1.6469311714172364,"z":6.188686370849609},"rotation":{"x":0.43470263481140139,"y":0.14348389208316804,"z":-0.07037419080734253,"w":0.8862863779067993},"size":11.925186157226563,"orthographic":false}