{"cameraMode":{"drawMode":0,"name":"Shaded","section":"Shading Mode"},"sceneLighting":false,"audioPlay":false,"sceneViewState":{"m_AlwaysRefresh":false,"showFog":true,"showSkybox":false,"showFlares":true,"showImageEffects":true,"showParticleSystems":true,"showVisualEffectGraphs":true,"m_FxEnabled":true},"in2DMode":false,"pivot":{"x":-11.604372024536133,"y":8.61540412902832,"z":-1.7128019332885743},"rotation":{"x":-0.011931918561458588,"y":0.5518122315406799,"z":-0.007896583527326584,"w":-0.8338559865951538},"size":13.961236953735352,"orthographic":false}