{"cameraMode":{"drawMode":0,"name":"Shaded","section":"Shading Mode"},"sceneLighting":false,"audioPlay":false,"sceneViewState":{"m_AlwaysRefresh":false,"showFog":true,"showSkybox":false,"showFlares":true,"showImageEffects":true,"showParticleSystems":true,"showVisualEffectGraphs":true,"m_FxEnabled":true},"in2DMode":false,"pivot":{"x":2.1310601234436037,"y":-1.1767358779907227,"z":3.8433711528778078},"rotation":{"x":0.43375495076179507,"y":0.22676174342632295,"z":-0.11376313865184784,"w":0.8645843267440796},"size":2.366025447845459,"orthographic":false}