{"cameraMode":{"drawMode":0,"name":"Shaded","section":"Shading Mode"},"sceneLighting":false,"audioPlay":false,"sceneViewState":{"m_AlwaysRefresh":false,"showFog":true,"showSkybox":false,"showFlares":true,"showImageEffects":true,"showParticleSystems":true,"showVisualEffectGraphs":true,"m_FxEnabled":true},"in2DMode":false,"pivot":{"x":5.776288032531738,"y":-13.522010803222657,"z":1.0714472532272339},"rotation":{"x":0.6881096959114075,"y":-0.033697642385959628,"z":0.03201912343502045,"w":0.7241275906562805},"size":19.863218307495118,"orthographic":false}