{"cameraMode":{"drawMode":0,"name":"Shaded","section":"Shading Mode"},"sceneLighting":false,"audioPlay":false,"sceneViewState":{"m_AlwaysRefresh":false,"showFog":true,"showSkybox":false,"showFlares":true,"showImageEffects":true,"showParticleSystems":true,"showVisualEffectGraphs":true,"m_FxEnabled":true},"in2DMode":false,"pivot":{"x":0.49269095063209536,"y":0.9158125519752502,"z":6.723587989807129},"rotation":{"x":0.22955073416233064,"y":0.6752957105636597,"z":-0.23470573127269746,"w":0.6604644060134888},"size":0.514642596244812,"orthographic":false}