{"cameraMode":{"drawMode":0,"name":"Shaded","section":"Shading Mode"},"sceneLighting":false,"audioPlay":false,"sceneViewState":{"m_AlwaysRefresh":false,"showFog":true,"showSkybox":false,"showFlares":true,"showImageEffects":true,"showParticleSystems":true,"showVisualEffectGraphs":true,"m_FxEnabled":true},"in2DMode":false,"pivot":{"x":0.03523707389831543,"y":0.14307153224945069,"z":1.020768165588379},"rotation":{"x":-0.24064572155475617,"y":0.5847584009170532,"z":-0.18719303607940675,"w":-0.7517492175102234},"size":10.516090393066407,"orthographic":false}