{"cameraMode":{"drawMode":0,"name":"Shaded","section":"Shading Mode"},"sceneLighting":false,"audioPlay":false,"sceneViewState":{"m_AlwaysRefresh":false,"showFog":true,"showSkybox":false,"showFlares":true,"showImageEffects":true,"showParticleSystems":true,"showVisualEffectGraphs":true,"m_FxEnabled":true},"in2DMode":false,"pivot":{"x":3.5403811931610109,"y":-0.7700157165527344,"z":13.076271057128907},"rotation":{"x":0.00015628765686415136,"y":0.8723599314689636,"z":-0.4888896346092224,"w":0.000258144544204697},"size":11.613409996032715,"orthographic":false}