{"cameraMode":{"drawMode":0,"name":"Shaded","section":"Shading Mode"},"sceneLighting":false,"audioPlay":false,"sceneViewState":{"m_AlwaysRefresh":false,"showFog":true,"showSkybox":false,"showFlares":true,"showImageEffects":true,"showParticleSystems":true,"showVisualEffectGraphs":true,"m_FxEnabled":true},"in2DMode":false,"pivot":{"x":5.344171524047852,"y":-1.7598791122436524,"z":6.610135078430176},"rotation":{"x":-0.0007791403331793845,"y":0.754243016242981,"z":-0.6566135883331299,"w":-0.0009106483776122332},"size":9.370113372802735,"orthographic":false}