{"cameraMode":{"drawMode":0,"name":"Shaded","section":"Shading Mode"},"sceneLighting":false,"audioPlay":false,"sceneViewState":{"m_AlwaysRefresh":false,"showFog":true,"showSkybox":false,"showFlares":true,"showImageEffects":true,"showParticleSystems":true,"showVisualEffectGraphs":true,"m_FxEnabled":true},"in2DMode":false,"pivot":{"x":14.225923538208008,"y":-8.173591613769532,"z":5.980564117431641},"rotation":{"x":-0.5561202764511108,"y":-0.014461852610111237,"z":0.009678863920271397,"w":-0.8309242725372315},"size":14.309094429016114,"orthographic":false}