{"cameraMode":{"drawMode":0,"name":"Shaded","section":"Shading Mode"},"sceneLighting":false,"audioPlay":false,"sceneViewState":{"m_AlwaysRefresh":false,"showFog":true,"showSkybox":false,"showFlares":true,"showImageEffects":true,"showParticleSystems":true,"showVisualEffectGraphs":true,"m_FxEnabled":true},"in2DMode":false,"pivot":{"x":12.150080680847168,"y":1.0552253723144532,"z":1.4972801208496094},"rotation":{"x":0.5279932618141174,"y":0.013425198383629322,"z":-0.008349587209522725,"w":0.8491084575653076},"size":7.3056159019470219,"orthographic":false}