{"cameraMode":{"drawMode":0,"name":"Shaded","section":"Shading Mode"},"sceneLighting":false,"audioPlay":false,"sceneViewState":{"m_AlwaysRefresh":false,"showFog":true,"showSkybox":false,"showFlares":true,"showImageEffects":true,"showParticleSystems":true,"showVisualEffectGraphs":true,"m_FxEnabled":true},"in2DMode":false,"pivot":{"x":19.95219612121582,"y":-19.42645835876465,"z":21.414470672607423},"rotation":{"x":0.44716477394104006,"y":0.1095334067940712,"z":-0.055276963859796527,"w":0.8860034942626953},"size":22.268516540527345,"orthographic":false}