{"cameraMode":{"drawMode":0,"name":"Shaded","section":"Shading Mode"},"sceneLighting":false,"audioPlay":false,"sceneViewState":{"m_AlwaysRefresh":false,"showFog":true,"showSkybox":false,"showFlares":true,"showImageEffects":true,"showParticleSystems":true,"showVisualEffectGraphs":true,"m_FxEnabled":true},"in2DMode":false,"pivot":{"x":12.249415397644043,"y":-0.5726099014282227,"z":-1.8081865310668946},"rotation":{"x":0.5279932618141174,"y":0.013425198383629322,"z":-0.008349587209522725,"w":0.8491084575653076},"size":8.026577949523926,"orthographic":false}