{"cameraMode":{"drawMode":0,"name":"Shaded","section":"Shading Mode"},"sceneLighting":false,"audioPlay":false,"sceneViewState":{"m_AlwaysRefresh":false,"showFog":true,"showSkybox":false,"showFlares":true,"showImageEffects":true,"showParticleSystems":true,"showVisualEffectGraphs":true,"m_FxEnabled":true},"in2DMode":false,"pivot":{"x":0.09754982590675354,"y":0.03162789344787598,"z":-0.5348247289657593},"rotation":{"x":0.4154527485370636,"y":-0.04499557241797447,"z":0.020582417026162149,"w":0.9082703590393066},"size":1.5123724937438965,"orthographic":false}