{"cameraMode":{"drawMode":0,"name":"Shaded","section":"Shading Mode"},"sceneLighting":false,"audioPlay":false,"sceneViewState":{"m_AlwaysRefresh":false,"showFog":true,"showSkybox":false,"showFlares":true,"showImageEffects":true,"showParticleSystems":true,"showVisualEffectGraphs":true,"m_FxEnabled":true},"in2DMode":false,"pivot":{"x":0.4539221525192261,"y":0.6062702536582947,"z":-0.21189570426940919},"rotation":{"x":0.17170783877372743,"y":0.30332520604133608,"z":-0.05566543713212013,"w":0.9356371760368347},"size":1.4657838344573975,"orthographic":false}