{"cameraMode":{"drawMode":0,"name":"Shaded","section":"Shading Mode"},"sceneLighting":false,"audioPlay":false,"sceneViewState":{"m_AlwaysRefresh":false,"showFog":true,"showSkybox":false,"showFlares":true,"showImageEffects":true,"showParticleSystems":true,"showVisualEffectGraphs":true,"m_FxEnabled":true},"in2DMode":false,"pivot":{"x":0.00038449838757514954,"y":1.1141775846481324,"z":0.1017199456691742},"rotation":{"x":0.4755183458328247,"y":0.09727106988430023,"z":-0.053000111132860187,"w":0.872711718082428},"size":0.15108494460582734,"orthographic":false}