{"cameraMode":{"drawMode":0,"name":"Shaded","section":"Shading Mode"},"sceneLighting":true,"audioPlay":false,"sceneViewState":{"m_AlwaysRefresh":false,"showFog":true,"showSkybox":false,"showFlares":true,"showImageEffects":true,"showParticleSystems":true,"showVisualEffectGraphs":true,"m_FxEnabled":true},"in2DMode":false,"pivot":{"x":0.07377833127975464,"y":0.16131925582885743,"z":-0.17344880104064942},"rotation":{"x":0.0252787284553051,"y":0.9223155379295349,"z":-0.38074061274528506,"w":0.06123553588986397},"size":1.6344668865203858,"orthographic":false}