{"cameraMode":{"drawMode":0,"name":"Shaded","section":"Shading Mode"},"sceneLighting":false,"audioPlay":false,"sceneViewState":{"m_AlwaysRefresh":false,"showFog":true,"showSkybox":false,"showFlares":true,"showImageEffects":true,"showParticleSystems":true,"showVisualEffectGraphs":true,"m_FxEnabled":true},"in2DMode":false,"pivot":{"x":0.8536474108695984,"y":2.030468702316284,"z":-0.2564738392829895},"rotation":{"x":0.003303689882159233,"y":-0.9930040240287781,"z":0.11460018903017044,"w":0.02860262617468834},"size":1.8029239177703858,"orthographic":false}