{"cameraMode":{"drawMode":0,"name":"Shaded","section":"Shading Mode"},"sceneLighting":false,"audioPlay":false,"sceneViewState":{"m_AlwaysRefresh":false,"showFog":true,"showSkybox":true,"showFlares":true,"showImageEffects":true,"showParticleSystems":true,"showVisualEffectGraphs":true,"m_FxEnabled":true},"in2DMode":false,"pivot":{"x":190.64181518554688,"y":-88.78781127929688,"z":160.97177124023438},"rotation":{"x":0.15692996978759767,"y":0.8335670232772827,"z":-0.2993808686733246,"w":0.43693482875823977},"size":112.90823364257813,"orthographic":false}