{"cameraMode":{"drawMode":0,"name":"Shaded","section":"Shading Mode"},"sceneLighting":false,"audioPlay":false,"sceneViewState":{"m_AlwaysRefresh":false,"showFog":true,"showSkybox":true,"showFlares":true,"showImageEffects":true,"showParticleSystems":true,"showVisualEffectGraphs":true,"m_FxEnabled":true},"in2DMode":false,"pivot":{"x":5.379115581512451,"y":1.4180002212524415,"z":3.1535935401916506},"rotation":{"x":0.5066134333610535,"y":0.17831562459468842,"z":-0.10797950625419617,"w":0.8365986943244934},"size":5.899154186248779,"orthographic":false}