{"cameraMode":{"drawMode":0,"name":"Shaded","section":"Shading Mode"},"sceneLighting":false,"audioPlay":false,"sceneViewState":{"m_AlwaysRefresh":false,"showFog":true,"showSkybox":true,"showFlares":true,"showImageEffects":true,"showParticleSystems":true,"showVisualEffectGraphs":true,"m_FxEnabled":true},"in2DMode":false,"pivot":{"x":25.758556365966798,"y":9.104898452758789,"z":22.275863647460939},"rotation":{"x":0.3923182189464569,"y":0.03723764047026634,"z":-0.015897095203399659,"w":0.9189395904541016},"size":40.370994567871097,"orthographic":false}