{"cameraMode":{"drawMode":0,"name":"Shaded","section":"Shading Mode"},"sceneLighting":false,"audioPlay":false,"sceneViewState":{"m_AlwaysRefresh":false,"showFog":true,"showSkybox":true,"showFlares":true,"showImageEffects":true,"showParticleSystems":true,"showVisualEffectGraphs":true,"m_FxEnabled":true},"in2DMode":false,"pivot":{"x":6.924319744110107,"y":1.8722753524780274,"z":4.2635369300842289},"rotation":{"x":-0.19222313165664674,"y":-0.061194803565740588,"z":0.012009632773697377,"w":-0.9793649315834045},"size":3.6781840324401857,"orthographic":false}