{"cameraMode":{"drawMode":0,"name":"Shaded","section":"Shading Mode"},"sceneLighting":false,"audioPlay":false,"sceneViewState":{"m_AlwaysRefresh":false,"showFog":true,"showSkybox":true,"showFlares":true,"showImageEffects":true,"showParticleSystems":true,"showVisualEffectGraphs":true,"m_FxEnabled":true},"in2DMode":false,"pivot":{"x":6.985976219177246,"y":-23.424453735351564,"z":20.245271682739259},"rotation":{"x":0.44087541103363039,"y":0.11257832497358322,"z":-0.05584452301263809,"w":0.8887342214584351},"size":97.90013122558594,"orthographic":false}