{"cameraMode":{"drawMode":0,"name":"Shaded","section":"Shading Mode"},"sceneLighting":false,"audioPlay":false,"sceneViewState":{"m_AlwaysRefresh":false,"showFog":true,"showSkybox":true,"showFlares":true,"showImageEffects":true,"showParticleSystems":true,"showVisualEffectGraphs":true,"m_FxEnabled":true},"in2DMode":false,"pivot":{"x":0.41163402795791628,"y":0.9370390176773071,"z":-0.7091999053955078},"rotation":{"x":0.029994208365678788,"y":0.008995854295790196,"z":-0.0002694928552955389,"w":0.9995107054710388},"size":0.05137515068054199,"orthographic":false}