{"cameraMode":{"drawMode":0,"name":"Shaded","section":"Shading Mode"},"sceneLighting":false,"audioPlay":false,"sceneViewState":{"m_AlwaysRefresh":false,"showFog":true,"showSkybox":true,"showFlares":true,"showImageEffects":true,"showParticleSystems":true,"showVisualEffectGraphs":true,"m_FxEnabled":true},"in2DMode":false,"pivot":{"x":7.4244232177734379,"y":17.932029724121095,"z":26.172863006591798},"rotation":{"x":0.27561575174331667,"y":0.5925555229187012,"z":-0.2260887771844864,"w":0.7223600149154663},"size":32.47554397583008,"orthographic":false}