{"cameraMode":{"drawMode":0,"name":"Shaded","section":"Shading Mode"},"sceneLighting":false,"audioPlay":false,"sceneViewState":{"m_AlwaysRefresh":false,"showFog":true,"showSkybox":true,"showFlares":true,"showImageEffects":true,"showParticleSystems":true,"showVisualEffectGraphs":true,"m_FxEnabled":true},"in2DMode":false,"pivot":{"x":0.4579973816871643,"y":1.3996872901916505,"z":-0.02639913558959961},"rotation":{"x":0.4323304295539856,"y":0.25477689504623415,"z":-0.12877756357192994,"w":0.8553336262702942},"size":1.551375150680542,"orthographic":false}