{"cameraMode":{"drawMode":0,"name":"Shaded","section":"Shading Mode"},"sceneLighting":false,"audioPlay":false,"sceneViewState":{"m_AlwaysRefresh":false,"showFog":true,"showSkybox":true,"showFlares":true,"showImageEffects":true,"showParticleSystems":true,"showVisualEffectGraphs":true,"m_FxEnabled":true},"in2DMode":false,"pivot":{"x":12.990591049194336,"y":-2.4669179916381838,"z":24.254791259765626},"rotation":{"x":0.29630014300346377,"y":0.690322995185852,"z":-0.37802088260650637,"w":0.5410867929458618},"size":19.643678665161134,"orthographic":false}