{"cameraMode":{"drawMode":0,"name":"Shaded","section":"Shading Mode"},"sceneLighting":false,"audioPlay":false,"sceneViewState":{"m_AlwaysRefresh":false,"showFog":true,"showSkybox":true,"showFlares":true,"showImageEffects":true,"showParticleSystems":true,"showVisualEffectGraphs":true,"m_FxEnabled":true},"in2DMode":false,"pivot":{"x":11.44606876373291,"y":-12.770845413208008,"z":14.766669273376465},"rotation":{"x":0.41195669770240786,"y":0.40895745158195498,"z":-0.21446840465068818,"w":0.7855322360992432},"size":17.39854621887207,"orthographic":false}