{"cameraMode":{"drawMode":0,"name":"Shaded","section":"Shading Mode"},"sceneLighting":false,"audioPlay":false,"sceneViewState":{"m_AlwaysRefresh":false,"showFog":true,"showSkybox":true,"showFlares":true,"showImageEffects":true,"showParticleSystems":true,"showVisualEffectGraphs":true,"m_FxEnabled":true},"in2DMode":false,"pivot":{"x":0.17890992760658265,"y":-1.9248676300048829,"z":-2.5361251831054689},"rotation":{"x":0.4443855285644531,"y":0.006719415076076984,"z":-0.003332018619403243,"w":0.8958098292350769},"size":25.202409744262697,"orthographic":false}