{"cameraMode":{"drawMode":0,"name":"Shaded","section":"Shading Mode"},"sceneLighting":false,"audioPlay":false,"sceneViewState":{"m_AlwaysRefresh":false,"showFog":true,"showSkybox":true,"showFlares":true,"showImageEffects":true,"showParticleSystems":true,"showVisualEffectGraphs":true,"m_FxEnabled":true},"in2DMode":false,"pivot":{"x":30.926868438720704,"y":-14.427047729492188,"z":54.96185302734375},"rotation":{"x":0.26890355348587038,"y":0.2644052803516388,"z":-0.07702971249818802,"w":0.9229639172554016},"size":60.976871490478519,"orthographic":false}