{"cameraMode":{"drawMode":0,"name":"Shaded","section":"Shading Mode"},"sceneLighting":false,"audioPlay":false,"sceneViewState":{"m_AlwaysRefresh":false,"showFog":true,"showSkybox":true,"showFlares":true,"showImageEffects":true,"showParticleSystems":true,"showVisualEffectGraphs":true,"m_FxEnabled":true},"in2DMode":false,"pivot":{"x":481.81048583984377,"y":100.77740478515625,"z":614.4161376953125},"rotation":{"x":0.17556698620319367,"y":0.27500247955322268,"z":-0.051149386912584308,"w":0.9438993334770203},"size":831.3196411132813,"orthographic":false}