{"cameraMode":{"drawMode":0,"name":"Shaded","section":"Shading Mode"},"sceneLighting":false,"audioPlay":false,"sceneViewState":{"m_AlwaysRefresh":false,"showFog":true,"showSkybox":true,"showFlares":true,"showImageEffects":true,"showParticleSystems":true,"showVisualEffectGraphs":true,"m_FxEnabled":true},"in2DMode":false,"pivot":{"x":5.5022783279418949,"y":0.9151639938354492,"z":3.9344215393066408},"rotation":{"x":-0.22778017818927766,"y":-0.009642548859119416,"z":0.002254508901387453,"w":-0.9736587405204773},"size":11.325409889221192,"orthographic":false}