{"cameraMode":{"drawMode":0,"name":"Shaded","section":"Shading Mode"},"sceneLighting":false,"audioPlay":false,"sceneViewState":{"m_AlwaysRefresh":false,"showFog":true,"showSkybox":true,"showFlares":true,"showImageEffects":true,"showParticleSystems":true,"showVisualEffectGraphs":true,"m_FxEnabled":true},"in2DMode":false,"pivot":{"x":36.64059829711914,"y":10.880983352661133,"z":51.32464599609375},"rotation":{"x":0.5634037852287293,"y":-0.0012386608868837357,"z":0.0008455482893623412,"w":0.8261822462081909},"size":-0.9163224101066589,"orthographic":false}