{"cameraMode":{"drawMode":0,"name":"Shaded","section":"Shading Mode"},"sceneLighting":false,"audioPlay":false,"sceneViewState":{"m_AlwaysRefresh":false,"showFog":true,"showSkybox":true,"showFlares":true,"showImageEffects":true,"showParticleSystems":true,"showVisualEffectGraphs":true,"m_FxEnabled":true},"in2DMode":false,"pivot":{"x":22.924631118774415,"y":-4.872476577758789,"z":8.537378311157227},"rotation":{"x":0.46629443764686587,"y":0.12527519464492799,"z":-0.06689929217100144,"w":0.8731606602668762},"size":17.741195678710939,"orthographic":false}