{"cameraMode":{"drawMode":0,"name":"Shaded","section":"Shading Mode"},"sceneLighting":true,"audioPlay":false,"sceneViewState":{"m_AlwaysRefresh":false,"showFog":true,"showSkybox":false,"showFlares":true,"showImageEffects":true,"showParticleSystems":true,"showVisualEffectGraphs":true,"m_FxEnabled":true},"in2DMode":false,"pivot":{"x":0.09580095112323761,"y":0.7977064847946167,"z":-0.42260026931762698},"rotation":{"x":0.02598949708044529,"y":0.9365811944007874,"z":-0.3422066569328308,"w":0.07113092392683029},"size":1.0077142715454102,"orthographic":false}