{"cameraMode":{"drawMode":0,"name":"Shaded","section":"Shading Mode"},"sceneLighting":false,"audioPlay":false,"sceneViewState":{"m_AlwaysRefresh":false,"showFog":true,"showSkybox":false,"showFlares":true,"showImageEffects":true,"showParticleSystems":true,"showVisualEffectGraphs":true,"m_FxEnabled":true},"in2DMode":false,"pivot":{"x":-0.14643323421478272,"y":-0.4867820739746094,"z":-0.23390579223632813},"rotation":{"x":-0.21436025202274323,"y":0.17865630984306336,"z":-0.03991759940981865,"w":-0.9594575762748718},"size":2.5783019065856935,"orthographic":false}