{"cameraMode":{"drawMode":0,"name":"Shaded","section":"Shading Mode"},"sceneLighting":false,"audioPlay":false,"sceneViewState":{"m_AlwaysRefresh":false,"showFog":true,"showSkybox":false,"showFlares":true,"showImageEffects":true,"showParticleSystems":true,"showVisualEffectGraphs":true,"m_FxEnabled":true},"in2DMode":false,"pivot":{"x":0.1616281270980835,"y":-0.17506718635559083,"z":-0.6096668243408203},"rotation":{"x":-0.18836243450641633,"y":0.2456207424402237,"z":-0.04872119426727295,"w":-0.9496501088142395},"size":1.7034504413604737,"orthographic":false}