{"cameraMode":{"drawMode":0,"name":"Shaded","section":"Shading Mode"},"sceneLighting":false,"audioPlay":false,"sceneViewState":{"m_AlwaysRefresh":false,"showFog":true,"showSkybox":false,"showFlares":true,"showImageEffects":true,"showParticleSystems":true,"showVisualEffectGraphs":true,"m_FxEnabled":true},"in2DMode":false,"pivot":{"x":0.19413936138153077,"y":0.7094137668609619,"z":0.1154024600982666},"rotation":{"x":0.34370145201683047,"y":0.18833307921886445,"z":-0.07056654244661331,"w":0.9172928333282471},"size":1.5123724937438965,"orthographic":false}