{"cameraMode":{"drawMode":0,"name":"Shaded","section":"Shading Mode"},"sceneLighting":true,"audioPlay":false,"sceneViewState":{"m_AlwaysRefresh":false,"showFog":true,"showSkybox":false,"showFlares":true,"showImageEffects":true,"showParticleSystems":true,"showVisualEffectGraphs":true,"m_FxEnabled":true},"in2DMode":false,"pivot":{"x":-0.15003442764282227,"y":0.06486833095550537,"z":-0.10926783084869385},"rotation":{"x":0.024813484400510789,"y":0.9616560339927673,"z":-0.2568509578704834,"w":0.09289027005434036},"size":0.7626513838768005,"orthographic":false}