{"cameraMode":{"drawMode":0,"name":"Shaded","section":"Shading Mode"},"sceneLighting":false,"audioPlay":false,"sceneViewState":{"m_AlwaysRefresh":false,"showFog":true,"showSkybox":false,"showFlares":true,"showImageEffects":true,"showParticleSystems":true,"showVisualEffectGraphs":true,"m_FxEnabled":true},"in2DMode":false,"pivot":{"x":15.159979820251465,"y":-7.771602630615234,"z":12.984668731689454},"rotation":{"x":0.43009549379348757,"y":0.05546038970351219,"z":-0.026488108560442926,"w":0.9006946682929993},"size":13.430380821228028,"orthographic":false}