{"cameraMode":{"drawMode":0,"name":"Shaded","section":"Shading Mode"},"sceneLighting":false,"audioPlay":false,"sceneViewState":{"m_AlwaysRefresh":false,"showFog":true,"showSkybox":false,"showFlares":true,"showImageEffects":true,"showParticleSystems":true,"showVisualEffectGraphs":true,"m_FxEnabled":true},"in2DMode":false,"pivot":{"x":0.5683689117431641,"y":-0.13830965757369996,"z":-0.3275594115257263},"rotation":{"x":-0.07768914848566055,"y":-0.7947710156440735,"z":0.10416148602962494,"w":-0.5928476452827454},"size":0.6073950529098511,"orthographic":false}