{"cameraMode":{"drawMode":0,"name":"Shaded","section":"Shading Mode"},"sceneLighting":false,"audioPlay":false,"sceneViewState":{"m_AlwaysRefresh":false,"showFog":true,"showSkybox":false,"showFlares":true,"showImageEffects":true,"showParticleSystems":true,"showVisualEffectGraphs":true,"m_FxEnabled":true},"in2DMode":false,"pivot":{"x":-0.2435131072998047,"y":0.059708595275878909,"z":-1.520761251449585},"rotation":{"x":0.19855140149593354,"y":0.7318576574325562,"z":-0.2396875023841858,"w":0.6062396168708801},"size":2.793506383895874,"orthographic":false}