{"cameraMode":{"drawMode":0,"name":"Shaded","section":"Shading Mode"},"sceneLighting":false,"audioPlay":false,"sceneViewState":{"m_AlwaysRefresh":false,"showFog":true,"showSkybox":false,"showFlares":true,"showImageEffects":true,"showParticleSystems":true,"showVisualEffectGraphs":true,"m_FxEnabled":true},"in2DMode":false,"pivot":{"x":0.5141597986221314,"y":-1.9774603843688965,"z":5.312182903289795},"rotation":{"x":0.4424551725387573,"y":-0.10849583894014359,"z":0.054024215787649158,"w":0.8885688185691834},"size":6.0135087966918949,"orthographic":false}