{"cameraMode":{"drawMode":0,"name":"Shaded","section":"Shading Mode"},"sceneLighting":false,"audioPlay":false,"sceneViewState":{"m_AlwaysRefresh":false,"showFog":true,"showSkybox":false,"showFlares":true,"showImageEffects":true,"showParticleSystems":true,"showVisualEffectGraphs":true,"m_FxEnabled":true},"in2DMode":false,"pivot":{"x":-0.14833176136016847,"y":1.0453197956085206,"z":0.06902170181274414},"rotation":{"x":-0.0664537101984024,"y":0.9332755208015442,"z":-0.23761838674545289,"w":-0.2610057592391968},"size":1.2682245969772339,"orthographic":false}